SectionID;CourseID;ProfessorID;DaySchedule;StartHour;DurationHours;ClassroomID;FixedNumStudents
1;1;37;Sun-Tue-Thu;8;1;79;35
2;1;37;Mon-Wed;8;2;79;35
3;2;6;Sun-Tue-Thu;9;1;30;50
4;2;6;Mon-Wed;10;2;30;50
5;3;3;Sun-Tue-Thu;14;1;25;55
6;3;3;Mon-Wed;14;2;25;55
7;4;44;Sun-Tue-Thu;13;1;61;40
8;4;44;Mon-Wed;8;2;61;40
9;5;43;Sun-Tue-Thu;11;1;66;35
10;5;43;Mon-Wed;14;2;66;35
11;6;43;Sun-Tue-Thu;13;1;65;55
12;6;43;Mon-Wed;14;2;65;55
13;7;29;Sun-Tue-Thu;13;1;43;45
14;7;29;Mon-Wed;12;2;43;45
15;8;43;Sun-Tue-Thu;13;1;71;45
16;8;43;Mon-Wed;8;2;71;45
17;9;29;Sun-Tue-Thu;14;1;54;55
18;9;29;Mon-Wed;8;2;54;55
19;10;14;Sun-Tue-Thu;14;1;3;45
20;10;14;Mon-Wed;12;2;3;45
21;11;27;Sun-Tue-Thu;14;1;54;35
22;11;27;Mon-Wed;12;2;54;35
23;12;41;Sun-Tue-Thu;8;1;75;40
24;12;41;Mon-Wed;12;2;75;40
25;13;25;Sun-Tue-Thu;11;1;55;35
26;13;25;Mon-Wed;10;2;55;35
27;14;40;Sun-Tue-Thu;11;1;68;35
28;14;40;Mon-Wed;8;2;68;35
29;15;12;Sun-Tue-Thu;14;1;30;55
30;15;12;Mon-Wed;12;2;30;55
31;16;11;Sun-Tue-Thu;13;1;11;50
32;16;11;Mon-Wed;10;2;11;50
33;17;26;Sun-Tue-Thu;13;1;32;50
34;17;26;Mon-Wed;8;2;32;50
35;18;43;Sun-Tue-Thu;14;1;80;40
36;18;43;Mon-Wed;12;2;80;40
37;19;30;Sun-Tue-Thu;14;1;46;55
38;19;30;Mon-Wed;10;2;46;55
39;20;45;Sun-Tue-Thu;9;1;65;50
40;20;45;Mon-Wed;12;2;65;50
41;21;43;Sun-Tue-Thu;9;1;66;45
42;21;43;Mon-Wed;8;2;66;45
43;22;45;Sun-Tue-Thu;13;1;89;50
44;22;45;Mon-Wed;12;2;89;50
45;23;44;Sun-Tue-Thu;11;1;88;45
46;23;44;Mon-Wed;8;2;88;45
47;24;39;Sun-Tue-Thu;8;1;68;40
48;24;39;Mon-Wed;12;2;68;40
49;25;36;Sun-Tue-Thu;10;1;85;35
50;25;36;Mon-Wed;10;2;85;35
51;26;24;Sun-Tue-Thu;8;1;42;35
52;26;24;Mon-Wed;10;2;42;35
53;27;19;Sun-Tue-Thu;13;1;59;50
54;27;19;Mon-Wed;8;2;59;50
55;28;16;Sun-Tue-Thu;8;1;48;45
56;28;16;Mon-Wed;14;2;48;45
57;29;36;Sun-Tue-Thu;8;1;66;30
58;29;36;Mon-Wed;10;2;66;30
59;30;18;Sun-Tue-Thu;9;1;50;60
60;30;18;Mon-Wed;14;2;50;60
61;1;37;Sun-Tue-Thu;8;1;79;35
62;1;37;Mon-Wed;8;2;79;35
63;2;6;Sun-Tue-Thu;9;1;30;50
64;2;6;Mon-Wed;10;2;30;50
65;3;3;Sun-Tue-Thu;14;1;25;55
66;3;3;Mon-Wed;14;2;25;55
67;4;44;Sun-Tue-Thu;13;1;61;40
68;4;44;Mon-Wed;8;2;61;40
69;5;43;Sun-Tue-Thu;11;1;66;35
70;5;43;Mon-Wed;14;2;66;35
71;6;43;Sun-Tue-Thu;13;1;65;55
72;6;43;Mon-Wed;14;2;65;55
73;7;29;Sun-Tue-Thu;13;1;43;45
74;7;29;Mon-Wed;12;2;43;45
75;8;43;Sun-Tue-Thu;13;1;71;45
76;8;43;Mon-Wed;8;2;71;45
77;9;29;Sun-Tue-Thu;14;1;54;55
78;9;29;Mon-Wed;8;2;54;55
79;10;14;Sun-Tue-Thu;14;1;3;45
80;10;14;Mon-Wed;12;2;3;45
81;11;27;Sun-Tue-Thu;14;1;54;35
82;11;27;Mon-Wed;12;2;54;35
83;12;41;Sun-Tue-Thu;8;1;75;40
84;12;41;Mon-Wed;12;2;75;40
85;13;25;Sun-Tue-Thu;11;1;55;35
86;13;25;Mon-Wed;10;2;55;35
87;14;40;Sun-Tue-Thu;11;1;68;35
88;14;40;Mon-Wed;8;2;68;35
89;15;12;Sun-Tue-Thu;14;1;30;55
90;15;12;Mon-Wed;12;2;30;55
91;16;11;Sun-Tue-Thu;13;1;11;50
92;16;11;Mon-Wed;10;2;11;50
93;17;26;Sun-Tue-Thu;13;1;32;50
94;17;26;Mon-Wed;8;2;32;50
95;18;43;Sun-Tue-Thu;14;1;80;40
96;18;43;Mon-Wed;12;2;80;40
97;19;30;Sun-Tue-Thu;14;1;46;55
98;19;30;Mon-Wed;10;2;46;55
99;20;45;Sun-Tue-Thu;9;1;65;50
100;20;45;Mon-Wed;12;2;65;50
101;21;43;Sun-Tue-Thu;9;1;66;45
102;21;43;Mon-Wed;8;2;66;45
103;22;45;Sun-Tue-Thu;13;1;89;50
104;22;45;Mon-Wed;12;2;89;50
105;23;44;Sun-Tue-Thu;11;1;88;45
106;23;44;Mon-Wed;8;2;88;45
107;24;39;Sun-Tue-Thu;8;1;68;40
108;24;39;Mon-Wed;12;2;68;40
109;25;36;Sun-Tue-Thu;10;1;85;35
110;25;36;Mon-Wed;10;2;85;35
111;26;24;Sun-Tue-Thu;8;1;42;35
112;26;24;Mon-Wed;10;2;42;35
113;27;19;Sun-Tue-Thu;13;1;59;50
114;27;19;Mon-Wed;8;2;59;50
115;28;16;Sun-Tue-Thu;8;1;48;45
116;28;16;Mon-Wed;14;2;48;45
117;29;36;Sun-Tue-Thu;8;1;66;30
118;29;36;Mon-Wed;10;2;66;30
119;30;18;Sun-Tue-Thu;9;1;50;60
120;30;18;Mon-Wed;14;2;50;60
121;1;37;Sun-Tue-Thu;8;1;79;35
122;1;37;Mon-Wed;8;2;79;35
123;2;6;Sun-Tue-Thu;9;1;30;50
124;2;6;Mon-Wed;10;2;30;50
125;3;3;Sun-Tue-Thu;14;1;25;55
126;3;3;Mon-Wed;14;2;25;55
127;4;44;Sun-Tue-Thu;13;1;61;40
128;4;44;Mon-Wed;8;2;61;40
129;5;43;Sun-Tue-Thu;11;1;66;35
130;5;43;Mon-Wed;14;2;66;35
131;6;43;Sun-Tue-Thu;13;1;65;55
132;6;43;Mon-Wed;14;2;65;55
133;7;29;Sun-Tue-Thu;13;1;43;45
134;7;29;Mon-Wed;12;2;43;45
135;8;43;Sun-Tue-Thu;13;1;71;45
136;8;43;Mon-Wed;8;2;71;45
137;9;29;Sun-Tue-Thu;14;1;54;55
138;9;29;Mon-Wed;8;2;54;55
139;10;14;Sun-Tue-Thu;14;1;3;45
140;10;14;Mon-Wed;12;2;3;45
141;11;27;Sun-Tue-Thu;14;1;54;35
142;11;27;Mon-Wed;12;2;54;35
143;12;41;Sun-Tue-Thu;8;1;75;40
144;12;41;Mon-Wed;12;2;75;40
145;13;25;Sun-Tue-Thu;11;1;55;35
146;13;25;Mon-Wed;10;2;55;35
147;14;40;Sun-Tue-Thu;11;1;68;35
148;14;40;Mon-Wed;8;2;68;35
149;15;12;Sun-Tue-Thu;14;1;30;55
150;15;12;Mon-Wed;12;2;30;55
151;16;11;Sun-Tue-Thu;13;1;11;50
152;16;11;Mon-Wed;10;2;11;50
153;17;26;Sun-Tue-Thu;13;1;32;50
154;17;26;Mon-Wed;8;2;32;50
155;18;43;Sun-Tue-Thu;14;1;80;40
156;18;43;Mon-Wed;12;2;80;40
157;19;30;Sun-Tue-Thu;14;1;46;55
158;19;30;Mon-Wed;10;2;46;55
159;20;45;Sun-Tue-Thu;9;1;65;50
160;20;45;Mon-Wed;12;2;65;50
161;21;43;Sun-Tue-Thu;9;1;66;45
162;21;43;Mon-Wed;8;2;66;45
163;22;45;Sun-Tue-Thu;13;1;89;50
164;22;45;Mon-Wed;12;2;89;50
165;23;44;Sun-Tue-Thu;11;1;88;45
166;23;44;Mon-Wed;8;2;88;45
167;24;39;Sun-Tue-Thu;8;1;68;40
168;24;39;Mon-Wed;12;2;68;40
169;25;36;Sun-Tue-Thu;10;1;85;35
170;25;36;Mon-Wed;10;2;85;35
171;26;24;Sun-Tue-Thu;8;1;42;35
172;26;24;Mon-Wed;10;2;42;35
173;27;19;Sun-Tue-Thu;13;1;59;50
174;27;19;Mon-Wed;8;2;59;50
175;28;16;Sun-Tue-Thu;8;1;48;45
176;28;16;Mon-Wed;14;2;48;45
177;29;36;Sun-Tue-Thu;8;1;66;30
178;29;36;Mon-Wed;10;2;66;30
179;30;18;Sun-Tue-Thu;9;1;50;60
180;30;18;Mon-Wed;14;2;50;60
181;1;37;Sun-Tue-Thu;8;1;79;35
182;1;37;Mon-Wed;8;2;79;35
183;2;6;Sun-Tue-Thu;9;1;30;50
184;2;6;Mon-Wed;10;2;30;50
185;3;3;Sun-Tue-Thu;14;1;25;55
186;3;3;Mon-Wed;14;2;25;55
187;4;44;Sun-Tue-Thu;13;1;61;40
188;4;44;Mon-Wed;8;2;61;40
189;5;43;Sun-Tue-Thu;11;1;66;35
190;5;43;Mon-Wed;14;2;66;35
191;6;43;Sun-Tue-Thu;13;1;65;55
192;6;43;Mon-Wed;14;2;65;55
193;7;29;Sun-Tue-Thu;13;1;43;45
194;7;29;Mon-Wed;12;2;43;45
195;8;43;Sun-Tue-Thu;13;1;71;45
196;8;43;Mon-Wed;8;2;71;45
197;9;29;Sun-Tue-Thu;14;1;54;55
198;9;29;Mon-Wed;8;2;54;55
199;10;14;Sun-Tue-Thu;14;1;3;45
200;10;14;Mon-Wed;12;2;3;45
201;11;27;Sun-Tue-Thu;14;1;54;35
202;11;27;Mon-Wed;12;2;54;35
203;12;41;Sun-Tue-Thu;8;1;75;40
204;12;41;Mon-Wed;12;2;75;40
205;13;25;Sun-Tue-Thu;11;1;55;35
206;13;25;Mon-Wed;10;2;55;35
207;14;40;Sun-Tue-Thu;11;1;68;35
208;14;40;Mon-Wed;8;2;68;35
209;15;12;Sun-Tue-Thu;14;1;30;55
210;15;12;Mon-Wed;12;2;30;55
211;16;11;Sun-Tue-Thu;13;1;11;50
212;16;11;Mon-Wed;10;2;11;50
213;17;26;Sun-Tue-Thu;13;1;32;50
214;17;26;Mon-Wed;8;2;32;50
215;18;43;Sun-Tue-Thu;14;1;80;40
216;18;43;Mon-Wed;12;2;80;40
217;19;30;Sun-Tue-Thu;14;1;46;55
218;19;30;Mon-Wed;10;2;46;55
219;20;45;Sun-Tue-Thu;9;1;65;50
220;20;45;Mon-Wed;12;2;65;50
221;21;43;Sun-Tue-Thu;9;1;66;45
222;21;43;Mon-Wed;8;2;66;45
223;22;45;Sun-Tue-Thu;13;1;89;50
224;22;45;Mon-Wed;12;2;89;50
225;23;44;Sun-Tue-Thu;11;1;88;45
226;23;44;Mon-Wed;8;2;88;45
227;24;39;Sun-Tue-Thu;8;1;68;40
228;24;39;Mon-Wed;12;2;68;40
229;25;36;Sun-Tue-Thu;10;1;85;35
230;25;36;Mon-Wed;10;2;85;35
231;26;24;Sun-Tue-Thu;8;1;42;35
232;26;24;Mon-Wed;10;2;42;35
233;27;19;Sun-Tue-Thu;13;1;59;50
234;27;19;Mon-Wed;8;2;59;50
235;28;16;Sun-Tue-Thu;8;1;48;45
236;28;16;Mon-Wed;14;2;48;45
237;29;36;Sun-Tue-Thu;8;1;66;30
238;29;36;Mon-Wed;10;2;66;30
239;30;18;Sun-Tue-Thu;9;1;50;60
240;30;18;Mon-Wed;14;2;50;60
241;1;37;Sun-Tue-Thu;8;1;79;35
242;1;37;Mon-Wed;8;2;79;35
243;2;6;Sun-Tue-Thu;9;1;30;50
244;2;6;Mon-Wed;10;2;30;50
245;3;3;Sun-Tue-Thu;14;1;25;55
246;3;3;Mon-Wed;14;2;25;55
247;4;44;Sun-Tue-Thu;13;1;61;40
248;4;44;Mon-Wed;8;2;61;40
249;5;43;Sun-Tue-Thu;11;1;66;35
250;5;43;Mon-Wed;14;2;66;35
251;6;43;Sun-Tue-Thu;13;1;65;55
252;6;43;Mon-Wed;14;2;65;55
253;7;29;Sun-Tue-Thu;13;1;43;45
254;7;29;Mon-Wed;12;2;43;45
255;8;43;Sun-Tue-Thu;13;1;71;45
256;8;43;Mon-Wed;8;2;71;45
257;9;29;Sun-Tue-Thu;14;1;54;55
258;9;29;Mon-Wed;8;2;54;55
259;10;14;Sun-Tue-Thu;14;1;3;45
260;10;14;Mon-Wed;12;2;3;45
261;11;27;Sun-Tue-Thu;14;1;54;35
262;11;27;Mon-Wed;12;2;54;35
263;12;41;Sun-Tue-Thu;8;1;75;40
264;12;41;Mon-Wed;12;2;75;40
265;13;25;Sun-Tue-Thu;11;1;55;35
266;13;25;Mon-Wed;10;2;55;35
267;14;40;Sun-Tue-Thu;11;1;68;35
268;14;40;Mon-Wed;8;2;68;35
269;15;12;Sun-Tue-Thu;14;1;30;55
270;15;12;Mon-Wed;12;2;30;55
271;16;11;Sun-Tue-Thu;13;1;11;50
272;16;11;Mon-Wed;10;2;11;50
273;17;26;Sun-Tue-Thu;13;1;32;50
274;17;26;Mon-Wed;8;2;32;50
275;18;43;Sun-Tue-Thu;14;1;80;40
276;18;43;Mon-Wed;12;2;80;40
277;19;30;Sun-Tue-Thu;14;1;46;55
278;19;30;Mon-Wed;10;2;46;55
279;20;45;Sun-Tue-Thu;9;1;65;50
280;20;45;Mon-Wed;12;2;65;50
281;21;43;Sun-Tue-Thu;9;1;66;45
282;21;43;Mon-Wed;8;2;66;45
283;22;45;Sun-Tue-Thu;13;1;89;50
284;22;45;Mon-Wed;12;2;89;50
285;23;44;Sun-Tue-Thu;11;1;88;45
286;23;44;Mon-Wed;8;2;88;45
287;24;39;Sun-Tue-Thu;8;1;68;40
288;24;39;Mon-Wed;12;2;68;40
289;25;36;Sun-Tue-Thu;10;1;85;35
290;25;36;Mon-Wed;10;2;85;35
291;26;24;Sun-Tue-Thu;8;1;42;35
292;26;24;Mon-Wed;10;2;42;35
293;27;19;Sun-Tue-Thu;13;1;59;50
294;27;19;Mon-Wed;8;2;59;50
295;28;16;Sun-Tue-Thu;8;1;48;45
296;28;16;Mon-Wed;14;2;48;45
297;29;36;Sun-Tue-Thu;8;1;66;30
298;29;36;Mon-Wed;10;2;66;30
299;30;18;Sun-Tue-Thu;9;1;50;60
300;30;18;Mon-Wed;14;2;50;60
301;1;37;Sun-Tue-Thu;8;1;79;35
302;1;37;Mon-Wed;8;2;79;35
303;2;6;Sun-Tue-Thu;9;1;30;50
304;2;6;Mon-Wed;10;2;30;50
305;3;3;Sun-Tue-Thu;14;1;25;55
306;3;3;Mon-Wed;14;2;25;55
307;4;44;Sun-Tue-Thu;13;1;61;40
308;4;44;Mon-Wed;8;2;61;40
309;5;43;Sun-Tue-Thu;11;1;66;35
310;5;43;Mon-Wed;14;2;66;35
311;6;43;Sun-Tue-Thu;13;1;65;55
312;6;43;Mon-Wed;14;2;65;55
313;7;29;Sun-Tue-Thu;13;1;43;45
314;7;29;Mon-Wed;12;2;43;45
315;8;43;Sun-Tue-Thu;13;1;71;45
316;8;43;Mon-Wed;8;2;71;45
317;9;29;Sun-Tue-Thu;14;1;54;55
318;9;29;Mon-Wed;8;2;54;55
319;10;14;Sun-Tue-Thu;14;1;3;45
320;10;14;Mon-Wed;12;2;3;45
321;11;27;Sun-Tue-Thu;14;1;54;35
322;11;27;Mon-Wed;12;2;54;35
323;12;41;Sun-Tue-Thu;8;1;75;40
324;12;41;Mon-Wed;12;2;75;40
325;13;25;Sun-Tue-Thu;11;1;55;35
326;13;25;Mon-Wed;10;2;55;35
327;14;40;Sun-Tue-Thu;11;1;68;35
328;14;40;Mon-Wed;8;2;68;35
329;15;12;Sun-Tue-Thu;14;1;30;55
330;15;12;Mon-Wed;12;2;30;55
331;16;11;Sun-Tue-Thu;13;1;11;50
332;16;11;Mon-Wed;10;2;11;50
333;17;26;Sun-Tue-Thu;13;1;32;50
334;17;26;Mon-Wed;8;2;32;50
335;18;43;Sun-Tue-Thu;14;1;80;40
336;18;43;Mon-Wed;12;2;80;40
337;19;30;Sun-Tue-Thu;14;1;46;55
338;19;30;Mon-Wed;10;2;46;55
339;20;45;Sun-Tue-Thu;9;1;65;50
340;20;45;Mon-Wed;12;2;65;50
341;21;43;Sun-Tue-Thu;9;1;66;45
342;21;43;Mon-Wed;8;2;66;45
343;22;45;Sun-Tue-Thu;13;1;89;50
344;22;45;Mon-Wed;12;2;89;50
345;23;44;Sun-Tue-Thu;11;1;88;45
346;23;44;Mon-Wed;8;2;88;45
347;24;39;Sun-Tue-Thu;8;1;68;40
348;24;39;Mon-Wed;12;2;68;40
349;25;36;Sun-Tue-Thu;10;1;85;35
350;25;36;Mon-Wed;10;2;85;35
351;26;24;Sun-Tue-Thu;8;1;42;35
352;26;24;Mon-Wed;10;2;42;35
353;27;19;Sun-Tue-Thu;13;1;59;50
354;27;19;Mon-Wed;8;2;59;50
355;28;16;Sun-Tue-Thu;8;1;48;45
356;28;16;Mon-Wed;14;2;48;45
357;29;36;Sun-Tue-Thu;8;1;66;30
358;29;36;Mon-Wed;10;2;66;30
359;30;18;Sun-Tue-Thu;9;1;50;60
360;30;18;Mon-Wed;14;2;50;60
361;1;37;Sun-Tue-Thu;8;1;79;35
362;1;37;Mon-Wed;8;2;79;35
363;2;6;Sun-Tue-Thu;9;1;30;50
364;2;6;Mon-Wed;10;2;30;50
365;3;3;Sun-Tue-Thu;14;1;25;55
366;3;3;Mon-Wed;14;2;25;55
367;4;44;Sun-Tue-Thu;13;1;61;40
368;4;44;Mon-Wed;8;2;61;40
369;5;43;Sun-Tue-Thu;11;1;66;35
370;5;43;Mon-Wed;14;2;66;35
371;6;43;Sun-Tue-Thu;13;1;65;55
372;6;43;Mon-Wed;14;2;65;55
373;7;29;Sun-Tue-Thu;13;1;43;45
374;7;29;Mon-Wed;12;2;43;45
375;8;43;Sun-Tue-Thu;13;1;71;45
376;8;43;Mon-Wed;8;2;71;45
377;9;29;Sun-Tue-Thu;14;1;54;55
378;9;29;Mon-Wed;8;2;54;55
379;10;14;Sun-Tue-Thu;14;1;3;45
380;10;14;Mon-Wed;12;2;3;45
381;11;27;Sun-Tue-Thu;14;1;54;35
382;11;27;Mon-Wed;12;2;54;35
383;12;41;Sun-Tue-Thu;8;1;75;40
384;12;41;Mon-Wed;12;2;75;40
385;13;25;Sun-Tue-Thu;11;1;55;35
386;13;25;Mon-Wed;10;2;55;35
387;14;40;Sun-Tue-Thu;11;1;68;35
388;14;40;Mon-Wed;8;2;68;35
389;15;12;Sun-Tue-Thu;14;1;30;55
390;15;12;Mon-Wed;12;2;30;55
391;16;11;Sun-Tue-Thu;13;1;11;50
392;16;11;Mon-Wed;10;2;11;50
393;17;26;Sun-Tue-Thu;13;1;32;50
394;17;26;Mon-Wed;8;2;32;50
395;18;43;Sun-Tue-Thu;14;1;80;40
396;18;43;Mon-Wed;12;2;80;40
397;19;30;Sun-Tue-Thu;14;1;46;55
398;19;30;Mon-Wed;10;2;46;55
399;20;45;Sun-Tue-Thu;9;1;65;50
400;20;45;Mon-Wed;12;2;65;50
401;21;43;Sun-Tue-Thu;9;1;66;45
402;21;43;Mon-Wed;8;2;66;45
403;22;45;Sun-Tue-Thu;13;1;89;50
404;22;45;Mon-Wed;12;2;89;50
405;23;44;Sun-Tue-Thu;11;1;88;45
406;23;44;Mon-Wed;8;2;88;45
407;24;39;Sun-Tue-Thu;8;1;68;40
408;24;39;Mon-Wed;12;2;68;40
409;25;36;Sun-Tue-Thu;10;1;85;35
410;25;36;Mon-Wed;10;2;85;35
411;26;24;Sun-Tue-Thu;8;1;42;35
412;26;24;Mon-Wed;10;2;42;35
413;27;19;Sun-Tue-Thu;13;1;59;50
414;27;19;Mon-Wed;8;2;59;50
415;28;16;Sun-Tue-Thu;8;1;48;45
416;28;16;Mon-Wed;14;2;48;45
417;29;36;Sun-Tue-Thu;8;1;66;30
418;29;36;Mon-Wed;10;2;66;30
419;30;18;Sun-Tue-Thu;9;1;50;60
420;30;18;Mon-Wed;14;2;50;60
421;1;37;Sun-Tue-Thu;8;1;79;35
422;1;37;Mon-Wed;8;2;79;35
423;2;6;Sun-Tue-Thu;9;1;30;50
424;2;6;Mon-Wed;10;2;30;50
425;3;3;Sun-Tue-Thu;14;1;25;55
426;3;3;Mon-Wed;14;2;25;55
427;4;44;Sun-Tue-Thu;13;1;61;40
428;4;44;Mon-Wed;8;2;61;40
429;5;43;Sun-Tue-Thu;11;1;66;35
430;5;43;Mon-Wed;14;2;66;35
431;6;43;Sun-Tue-Thu;13;1;65;55
432;6;43;Mon-Wed;14;2;65;55
433;7;29;Sun-Tue-Thu;13;1;43;45
434;7;29;Mon-Wed;12;2;43;45
435;8;43;Sun-Tue-Thu;13;1;71;45
436;8;43;Mon-Wed;8;2;71;45
437;9;29;Sun-Tue-Thu;14;1;54;55
438;9;29;Mon-Wed;8;2;54;55
439;10;14;Sun-Tue-Thu;14;1;3;45
440;10;14;Mon-Wed;12;2;3;45
441;11;27;Sun-Tue-Thu;14;1;54;35
442;11;27;Mon-Wed;12;2;54;35
443;12;41;Sun-Tue-Thu;8;1;75;40
444;12;41;Mon-Wed;12;2;75;40
445;13;25;Sun-Tue-Thu;11;1;55;35
446;13;25;Mon-Wed;10;2;55;35
447;14;40;Sun-Tue-Thu;11;1;68;35
448;14;40;Mon-Wed;8;2;68;35
449;15;12;Sun-Tue-Thu;14;1;30;55
450;15;12;Mon-Wed;12;2;30;55
451;16;11;Sun-Tue-Thu;13;1;11;50
452;16;11;Mon-Wed;10;2;11;50
453;17;26;Sun-Tue-Thu;13;1;32;50
454;17;26;Mon-Wed;8;2;32;50
455;18;43;Sun-Tue-Thu;14;1;80;40
456;18;43;Mon-Wed;12;2;80;40
457;19;30;Sun-Tue-Thu;14;1;46;55
458;19;30;Mon-Wed;10;2;46;55
459;20;45;Sun-Tue-Thu;9;1;65;50
460;20;45;Mon-Wed;12;2;65;50
461;21;43;Sun-Tue-Thu;9;1;66;45
462;21;43;Mon-Wed;8;2;66;45
463;22;45;Sun-Tue-Thu;13;1;89;50
464;22;45;Mon-Wed;12;2;89;50
465;23;44;Sun-Tue-Thu;11;1;88;45
466;23;44;Mon-Wed;8;2;88;45
467;24;39;Sun-Tue-Thu;8;1;68;40
468;24;39;Mon-Wed;12;2;68;40
469;25;36;Sun-Tue-Thu;10;1;85;35
470;25;36;Mon-Wed;10;2;85;35
471;26;24;Sun-Tue-Thu;8;1;42;35
472;26;24;Mon-Wed;10;2;42;35
473;27;19;Sun-Tue-Thu;13;1;59;50
474;27;19;Mon-Wed;8;2;59;50
475;28;16;Sun-Tue-Thu;8;1;48;45
476;28;16;Mon-Wed;14;2;48;45
477;29;36;Sun-Tue-Thu;8;1;66;30
478;29;36;Mon-Wed;10;2;66;30
479;30;18;Sun-Tue-Thu;9;1;50;60
480;30;18;Mon-Wed;14;2;50;60
481;1;37;Sun-Tue-Thu;8;1;79;35
482;1;37;Mon-Wed;8;2;79;35
483;2;6;Sun-Tue-Thu;9;1;30;50
484;2;6;Mon-Wed;10;2;30;50
485;3;3;Sun-Tue-Thu;14;1;25;55
486;3;3;Mon-Wed;14;2;25;55
487;4;44;Sun-Tue-Thu;13;1;61;40
488;4;44;Mon-Wed;8;2;61;40
489;5;43;Sun-Tue-Thu;11;1;66;35
490;5;43;Mon-Wed;14;2;66;35
491;6;43;Sun-Tue-Thu;13;1;65;55
492;6;43;Mon-Wed;14;2;65;55
493;7;29;Sun-Tue-Thu;13;1;43;45
494;7;29;Mon-Wed;12;2;43;45
495;8;43;Sun-Tue-Thu;13;1;71;45
496;8;43;Mon-Wed;8;2;71;45
497;9;29;Sun-Tue-Thu;14;1;54;55
498;9;29;Mon-Wed;8;2;54;55
499;10;14;Sun-Tue-Thu;14;1;3;45
500;10;14;Mon-Wed;12;2;3;45
501;11;27;Sun-Tue-Thu;14;1;54;35
502;11;27;Mon-Wed;12;2;54;35
503;12;41;Sun-Tue-Thu;8;1;75;40
504;12;41;Mon-Wed;12;2;75;40
505;13;25;Sun-Tue-Thu;11;1;55;35
506;13;25;Mon-Wed;10;2;55;35
507;14;40;Sun-Tue-Thu;11;1;68;35
508;14;40;Mon-Wed;8;2;68;35
509;15;12;Sun-Tue-Thu;14;1;30;55
510;15;12;Mon-Wed;12;2;30;55
511;16;11;Sun-Tue-Thu;13;1;11;50
512;16;11;Mon-Wed;10;2;11;50
513;17;26;Sun-Tue-Thu;13;1;32;50
514;17;26;Mon-Wed;8;2;32;50
515;18;43;Sun-Tue-Thu;14;1;80;40
516;18;43;Mon-Wed;12;2;80;40
517;19;30;Sun-Tue-Thu;14;1;46;55
518;19;30;Mon-Wed;10;2;46;55
519;20;45;Sun-Tue-Thu;9;1;65;50
520;20;45;Mon-Wed;12;2;65;50
521;21;43;Sun-Tue-Thu;9;1;66;45
522;21;43;Mon-Wed;8;2;66;45
523;22;45;Sun-Tue-Thu;13;1;89;50
524;22;45;Mon-Wed;12;2;89;50
525;23;44;Sun-Tue-Thu;11;1;88;45
526;23;44;Mon-Wed;8;2;88;45
527;24;39;Sun-Tue-Thu;8;1;68;40
528;24;39;Mon-Wed;12;2;68;40
529;25;36;Sun-Tue-Thu;10;1;85;35
530;25;36;Mon-Wed;10;2;85;35
531;26;24;Sun-Tue-Thu;8;1;42;35
532;26;24;Mon-Wed;10;2;42;35
533;27;19;Sun-Tue-Thu;13;1;59;50
534;27;19;Mon-Wed;8;2;59;50
535;28;16;Sun-Tue-Thu;8;1;48;45
536;28;16;Mon-Wed;14;2;48;45
537;29;36;Sun-Tue-Thu;8;1;66;30
538;29;36;Mon-Wed;10;2;66;30
539;30;18;Sun-Tue-Thu;9;1;50;60
540;30;18;Mon-Wed;14;2;50;60
541;1;37;Sun-Tue-Thu;8;1;79;35
542;1;37;Mon-Wed;8;2;79;35
543;2;6;Sun-Tue-Thu;9;1;30;50
544;2;6;Mon-Wed;10;2;30;50
545;3;3;Sun-Tue-Thu;14;1;25;55
546;3;3;Mon-Wed;14;2;25;55
547;4;44;Sun-Tue-Thu;13;1;61;40
548;4;44;Mon-Wed;8;2;61;40
549;5;43;Sun-Tue-Thu;11;1;66;35
550;5;43;Mon-Wed;14;2;66;35
551;6;43;Sun-Tue-Thu;13;1;65;55
552;6;43;Mon-Wed;14;2;65;55
553;7;29;Sun-Tue-Thu;13;1;43;45
554;7;29;Mon-Wed;12;2;43;45
555;8;43;Sun-Tue-Thu;13;1;71;45
556;8;43;Mon-Wed;8;2;71;45
557;9;29;Sun-Tue-Thu;14;1;54;55
558;9;29;Mon-Wed;8;2;54;55
559;10;14;Sun-Tue-Thu;14;1;3;45
560;10;14;Mon-Wed;12;2;3;45
561;11;27;Sun-Tue-Thu;14;1;54;35
562;11;27;Mon-Wed;12;2;54;35
563;12;41;Sun-Tue-Thu;8;1;75;40
564;12;41;Mon-Wed;12;2;75;40
565;13;25;Sun-Tue-Thu;11;1;55;35
566;13;25;Mon-Wed;10;2;55;35
567;14;40;Sun-Tue-Thu;11;1;68;35
568;14;40;Mon-Wed;8;2;68;35
569;15;12;Sun-Tue-Thu;14;1;30;55
570;15;12;Mon-Wed;12;2;30;55
571;16;11;Sun-Tue-Thu;13;1;11;50
572;16;11;Mon-Wed;10;2;11;50
573;17;26;Sun-Tue-Thu;13;1;32;50
574;17;26;Mon-Wed;8;2;32;50
575;18;43;Sun-Tue-Thu;14;1;80;40
576;18;43;Mon-Wed;12;2;80;40
577;19;30;Sun-Tue-Thu;14;1;46;55
578;19;30;Mon-Wed;10;2;46;55
579;20;45;Sun-Tue-Thu;9;1;65;50
580;20;45;Mon-Wed;12;2;65;50
581;21;43;Sun-Tue-Thu;9;1;66;45
582;21;43;Mon-Wed;8;2;66;45
583;22;45;Sun-Tue-Thu;13;1;89;50
584;22;45;Mon-Wed;12;2;89;50
585;23;44;Sun-Tue-Thu;11;1;88;45
586;23;44;Mon-Wed;8;2;88;45
587;24;39;Sun-Tue-Thu;8;1;68;40
588;24;39;Mon-Wed;12;2;68;40
589;25;36;Sun-Tue-Thu;10;1;85;35
590;25;36;Mon-Wed;10;2;85;35
591;26;24;Sun-Tue-Thu;8;1;42;35
592;26;24;Mon-Wed;10;2;42;35
593;27;19;Sun-Tue-Thu;13;1;59;50
594;27;19;Mon-Wed;8;2;59;50
595;28;16;Sun-Tue-Thu;8;1;48;45
596;28;16;Mon-Wed;14;2;48;45
597;29;36;Sun-Tue-Thu;8;1;66;30
598;29;36;Mon-Wed;10;2;66;30
599;30;18;Sun-Tue-Thu;9;1;50;60
600;30;18;Mon-Wed;14;2;50;60
601;1;37;Sun-Tue-Thu;8;1;79;35
602;1;37;Mon-Wed;8;2;79;35
603;2;6;Sun-Tue-Thu;9;1;30;50
604;2;6;Mon-Wed;10;2;30;50
605;3;3;Sun-Tue-Thu;14;1;25;55
606;3;3;Mon-Wed;14;2;25;55
607;4;44;Sun-Tue-Thu;13;1;61;40
608;4;44;Mon-Wed;8;2;61;40
609;5;43;Sun-Tue-Thu;11;1;66;35
610;5;43;Mon-Wed;14;2;66;35
611;6;43;Sun-Tue-Thu;13;1;65;55
612;6;43;Mon-Wed;14;2;65;55
613;7;29;Sun-Tue-Thu;13;1;43;45
614;7;29;Mon-Wed;12;2;43;45
615;8;43;Sun-Tue-Thu;13;1;71;45
616;8;43;Mon-Wed;8;2;71;45
617;9;29;Sun-Tue-Thu;14;1;54;55
618;9;29;Mon-Wed;8;2;54;55
619;10;14;Sun-Tue-Thu;14;1;3;45
620;10;14;Mon-Wed;12;2;3;45
621;11;27;Sun-Tue-Thu;14;1;54;35
622;11;27;Mon-Wed;12;2;54;35
623;12;41;Sun-Tue-Thu;8;1;75;40
624;12;41;Mon-Wed;12;2;75;40
625;13;25;Sun-Tue-Thu;11;1;55;35
626;13;25;Mon-Wed;10;2;55;35
627;14;40;Sun-Tue-Thu;11;1;68;35
628;14;40;Mon-Wed;8;2;68;35
629;15;12;Sun-Tue-Thu;14;1;30;55
630;15;12;Mon-Wed;12;2;30;55
631;16;11;Sun-Tue-Thu;13;1;11;50
632;16;11;Mon-Wed;10;2;11;50
633;17;26;Sun-Tue-Thu;13;1;32;50
634;17;26;Mon-Wed;8;2;32;50
635;18;43;Sun-Tue-Thu;14;1;80;40
636;18;43;Mon-Wed;12;2;80;40
637;19;30;Sun-Tue-Thu;14;1;46;55
638;19;30;Mon-Wed;10;2;46;55
639;20;45;Sun-Tue-Thu;9;1;65;50
640;20;45;Mon-Wed;12;2;65;50
641;21;43;Sun-Tue-Thu;9;1;66;45
642;21;43;Mon-Wed;8;2;66;45
643;22;45;Sun-Tue-Thu;13;1;89;50
644;22;45;Mon-Wed;12;2;89;50
645;23;44;Sun-Tue-Thu;11;1;88;45
646;23;44;Mon-Wed;8;2;88;45
647;24;39;Sun-Tue-Thu;8;1;68;40
648;24;39;Mon-Wed;12;2;68;40
649;25;36;Sun-Tue-Thu;10;1;85;35
650;25;36;Mon-Wed;10;2;85;35
651;26;24;Sun-Tue-Thu;8;1;42;35
652;26;24;Mon-Wed;10;2;42;35
653;27;19;Sun-Tue-Thu;13;1;59;50
654;27;19;Mon-Wed;8;2;59;50
655;28;16;Sun-Tue-Thu;8;1;48;45
656;28;16;Mon-Wed;14;2;48;45
657;29;36;Sun-Tue-Thu;8;1;66;30
658;29;36;Mon-Wed;10;2;66;30
659;30;18;Sun-Tue-Thu;9;1;50;60
660;30;18;Mon-Wed;14;2;50;60
661;1;37;Sun-Tue-Thu;8;1;79;35
662;1;37;Mon-Wed;8;2;79;35
663;2;6;Sun-Tue-Thu;9;1;30;50
664;2;6;Mon-Wed;10;2;30;50
665;3;3;Sun-Tue-Thu;14;1;25;55
666;3;3;Mon-Wed;14;2;25;55
667;4;44;Sun-Tue-Thu;13;1;61;40
668;4;44;Mon-Wed;8;2;61;40
669;5;43;Sun-Tue-Thu;11;1;66;35
670;5;43;Mon-Wed;14;2;66;35
671;6;43;Sun-Tue-Thu;13;1;65;55
672;6;43;Mon-Wed;14;2;65;55
673;7;29;Sun-Tue-Thu;13;1;43;45
674;7;29;Mon-Wed;12;2;43;45
675;8;43;Sun-Tue-Thu;13;1;71;45
676;8;43;Mon-Wed;8;2;71;45
677;9;29;Sun-Tue-Thu;14;1;54;55
678;9;29;Mon-Wed;8;2;54;55
679;10;14;Sun-Tue-Thu;14;1;3;45
680;10;14;Mon-Wed;12;2;3;45
681;11;27;Sun-Tue-Thu;14;1;54;35
682;11;27;Mon-Wed;12;2;54;35
683;12;41;Sun-Tue-Thu;8;1;75;40
684;12;41;Mon-Wed;12;2;75;40
685;13;25;Sun-Tue-Thu;11;1;55;35
686;13;25;Mon-Wed;10;2;55;35
687;14;40;Sun-Tue-Thu;11;1;68;35
688;14;40;Mon-Wed;8;2;68;35
689;15;12;Sun-Tue-Thu;14;1;30;55
690;15;12;Mon-Wed;12;2;30;55
691;16;11;Sun-Tue-Thu;13;1;11;50
692;16;11;Mon-Wed;10;2;11;50
693;17;26;Sun-Tue-Thu;13;1;32;50
694;17;26;Mon-Wed;8;2;32;50
695;18;43;Sun-Tue-Thu;14;1;80;40
696;18;43;Mon-Wed;12;2;80;40
697;19;30;Sun-Tue-Thu;14;1;46;55
698;19;30;Mon-Wed;10;2;46;55
699;20;45;Sun-Tue-Thu;9;1;65;50
700;20;45;Mon-Wed;12;2;65;50
701;21;43;Sun-Tue-Thu;9;1;66;45
702;21;43;Mon-Wed;8;2;66;45
703;22;45;Sun-Tue-Thu;13;1;89;50
704;22;45;Mon-Wed;12;2;89;50
705;23;44;Sun-Tue-Thu;11;1;88;45
706;23;44;Mon-Wed;8;2;88;45
707;24;39;Sun-Tue-Thu;8;1;68;40
708;24;39;Mon-Wed;12;2;68;40
709;25;36;Sun-Tue-Thu;10;1;85;35
710;25;36;Mon-Wed;10;2;85;35
711;26;24;Sun-Tue-Thu;8;1;42;35
712;26;24;Mon-Wed;10;2;42;35
713;27;19;Sun-Tue-Thu;13;1;59;50
714;27;19;Mon-Wed;8;2;59;50
715;28;16;Sun-Tue-Thu;8;1;48;45
716;28;16;Mon-Wed;14;2;48;45
717;29;36;Sun-Tue-Thu;8;1;66;30
718;29;36;Mon-Wed;10;2;66;30
719;30;18;Sun-Tue-Thu;9;1;50;60
720;30;18;Mon-Wed;14;2;50;60
721;1;37;Sun-Tue-Thu;8;1;79;35
722;1;37;Mon-Wed;8;2;79;35
723;2;6;Sun-Tue-Thu;9;1;30;50
724;2;6;Mon-Wed;10;2;30;50
725;3;3;Sun-Tue-Thu;14;1;25;55
726;3;3;Mon-Wed;14;2;25;55
727;4;44;Sun-Tue-Thu;13;1;61;40
728;4;44;Mon-Wed;8;2;61;40
729;5;43;Sun-Tue-Thu;11;1;66;35
730;5;43;Mon-Wed;14;2;66;35
731;6;43;Sun-Tue-Thu;13;1;65;55
732;6;43;Mon-Wed;14;2;65;55
733;7;29;Sun-Tue-Thu;13;1;43;45
734;7;29;Mon-Wed;12;2;43;45
735;8;43;Sun-Tue-Thu;13;1;71;45
736;8;43;Mon-Wed;8;2;71;45
737;9;29;Sun-Tue-Thu;14;1;54;55
738;9;29;Mon-Wed;8;2;54;55
739;10;14;Sun-Tue-Thu;14;1;3;45
740;10;14;Mon-Wed;12;2;3;45
741;11;27;Sun-Tue-Thu;14;1;54;35
742;11;27;Mon-Wed;12;2;54;35
743;12;41;Sun-Tue-Thu;8;1;75;40
744;12;41;Mon-Wed;12;2;75;40
745;13;25;Sun-Tue-Thu;11;1;55;35
746;13;25;Mon-Wed;10;2;55;35
747;14;40;Sun-Tue-Thu;11;1;68;35
748;14;40;Mon-Wed;8;2;68;35
749;15;12;Sun-Tue-Thu;14;1;30;55
750;15;12;Mon-Wed;12;2;30;55
751;16;11;Sun-Tue-Thu;13;1;11;50
752;16;11;Mon-Wed;10;2;11;50
753;17;26;Sun-Tue-Thu;13;1;32;50
754;17;26;Mon-Wed;8;2;32;50
755;18;43;Sun-Tue-Thu;14;1;80;40
756;18;43;Mon-Wed;12;2;80;40
757;19;30;Sun-Tue-Thu;14;1;46;55
758;19;30;Mon-Wed;10;2;46;55
759;20;45;Sun-Tue-Thu;9;1;65;50
760;20;45;Mon-Wed;12;2;65;50
761;21;43;Sun-Tue-Thu;9;1;66;45
762;21;43;Mon-Wed;8;2;66;45
763;22;45;Sun-Tue-Thu;13;1;89;50
764;22;45;Mon-Wed;12;2;89;50
765;23;44;Sun-Tue-Thu;11;1;88;45
766;23;44;Mon-Wed;8;2;88;45
767;24;39;Sun-Tue-Thu;8;1;68;40
768;24;39;Mon-Wed;12;2;68;40
769;25;36;Sun-Tue-Thu;10;1;85;35
770;25;36;Mon-Wed;10;2;85;35
771;26;24;Sun-Tue-Thu;8;1;42;35
772;26;24;Mon-Wed;10;2;42;35
773;27;19;Sun-Tue-Thu;13;1;59;50
774;27;19;Mon-Wed;8;2;59;50
775;28;16;Sun-Tue-Thu;8;1;48;45
776;28;16;Mon-Wed;14;2;48;45
777;29;36;Sun-Tue-Thu;8;1;66;30
778;29;36;Mon-Wed;10;2;66;30
779;30;18;Sun-Tue-Thu;9;1;50;60
780;30;18;Mon-Wed;14;2;50;60
781;1;37;Sun-Tue-Thu;8;1;79;35
782;1;37;Mon-Wed;8;2;79;35
783;2;6;Sun-Tue-Thu;9;1;30;50
784;2;6;Mon-Wed;10;2;30;50
785;3;3;Sun-Tue-Thu;14;1;25;55
786;3;3;Mon-Wed;14;2;25;55
787;4;44;Sun-Tue-Thu;13;1;61;40
788;4;44;Mon-Wed;8;2;61;40
789;5;43;Sun-Tue-Thu;11;1;66;35
790;5;43;Mon-Wed;14;2;66;35
791;6;43;Sun-Tue-Thu;13;1;65;55
792;6;43;Mon-Wed;14;2;65;55
793;7;29;Sun-Tue-Thu;13;1;43;45
794;7;29;Mon-Wed;12;2;43;45
795;8;43;Sun-Tue-Thu;13;1;71;45
796;8;43;Mon-Wed;8;2;71;45
797;9;29;Sun-Tue-Thu;14;1;54;55
798;9;29;Mon-Wed;8;2;54;55
799;10;14;Sun-Tue-Thu;14;1;3;45
800;10;14;Mon-Wed;12;2;3;45
801;11;27;Sun-Tue-Thu;14;1;54;35
802;11;27;Mon-Wed;12;2;54;35
803;12;41;Sun-Tue-Thu;8;1;75;40
804;12;41;Mon-Wed;12;2;75;40
805;13;25;Sun-Tue-Thu;11;1;55;35
806;13;25;Mon-Wed;10;2;55;35
807;14;40;Sun-Tue-Thu;11;1;68;35
808;14;40;Mon-Wed;8;2;68;35
809;15;12;Sun-Tue-Thu;14;1;30;55
810;15;12;Mon-Wed;12;2;30;55
811;16;11;Sun-Tue-Thu;13;1;11;50
812;16;11;Mon-Wed;10;2;11;50
813;17;26;Sun-Tue-Thu;13;1;32;50
814;17;26;Mon-Wed;8;2;32;50
815;18;43;Sun-Tue-Thu;14;1;80;40
816;18;43;Mon-Wed;12;2;80;40
817;19;30;Sun-Tue-Thu;14;1;46;55
818;19;30;Mon-Wed;10;2;46;55
819;20;45;Sun-Tue-Thu;9;1;65;50
820;20;45;Mon-Wed;12;2;65;50
821;21;43;Sun-Tue-Thu;9;1;66;45
822;21;43;Mon-Wed;8;2;66;45
823;22;45;Sun-Tue-Thu;13;1;89;50
824;22;45;Mon-Wed;12;2;89;50
825;23;44;Sun-Tue-Thu;11;1;88;45
826;23;44;Mon-Wed;8;2;88;45
827;24;39;Sun-Tue-Thu;8;1;68;40
828;24;39;Mon-Wed;12;2;68;40
829;25;36;Sun-Tue-Thu;10;1;85;35
830;25;36;Mon-Wed;10;2;85;35
831;26;24;Sun-Tue-Thu;8;1;42;35
832;26;24;Mon-Wed;10;2;42;35
833;27;19;Sun-Tue-Thu;13;1;59;50
834;27;19;Mon-Wed;8;2;59;50
835;28;16;Sun-Tue-Thu;8;1;48;45
836;28;16;Mon-Wed;14;2;48;45
837;29;36;Sun-Tue-Thu;8;1;66;30
838;29;36;Mon-Wed;10;2;66;30
839;30;18;Sun-Tue-Thu;9;1;50;60
840;30;18;Mon-Wed;14;2;50;60
841;1;37;Sun-Tue-Thu;8;1;79;35
842;1;37;Mon-Wed;8;2;79;35
843;2;6;Sun-Tue-Thu;9;1;30;50
844;2;6;Mon-Wed;10;2;30;50
845;3;3;Sun-Tue-Thu;14;1;25;55
846;3;3;Mon-Wed;14;2;25;55
847;4;44;Sun-Tue-Thu;13;1;61;40
848;4;44;Mon-Wed;8;2;61;40
849;5;43;Sun-Tue-Thu;11;1;66;35
850;5;43;Mon-Wed;14;2;66;35
851;6;43;Sun-Tue-Thu;13;1;65;55
852;6;43;Mon-Wed;14;2;65;55
853;7;29;Sun-Tue-Thu;13;1;43;45
854;7;29;Mon-Wed;12;2;43;45
855;8;43;Sun-Tue-Thu;13;1;71;45
856;8;43;Mon-Wed;8;2;71;45
857;9;29;Sun-Tue-Thu;14;1;54;55
858;9;29;Mon-Wed;8;2;54;55
859;10;14;Sun-Tue-Thu;14;1;3;45
860;10;14;Mon-Wed;12;2;3;45
861;11;27;Sun-Tue-Thu;14;1;54;35
862;11;27;Mon-Wed;12;2;54;35
863;12;41;Sun-Tue-Thu;8;1;75;40
864;12;41;Mon-Wed;12;2;75;40
865;13;25;Sun-Tue-Thu;11;1;55;35
866;13;25;Mon-Wed;10;2;55;35
867;14;40;Sun-Tue-Thu;11;1;68;35
868;14;40;Mon-Wed;8;2;68;35
869;15;12;Sun-Tue-Thu;14;1;30;55
870;15;12;Mon-Wed;12;2;30;55
871;16;11;Sun-Tue-Thu;13;1;11;50
872;16;11;Mon-Wed;10;2;11;50
873;17;26;Sun-Tue-Thu;13;1;32;50
874;17;26;Mon-Wed;8;2;32;50
875;18;43;Sun-Tue-Thu;14;1;80;40
876;18;43;Mon-Wed;12;2;80;40
877;19;30;Sun-Tue-Thu;14;1;46;55
878;19;30;Mon-Wed;10;2;46;55
879;20;45;Sun-Tue-Thu;9;1;65;50
880;20;45;Mon-Wed;12;2;65;50
881;21;43;Sun-Tue-Thu;9;1;66;45
882;21;43;Mon-Wed;8;2;66;45
883;22;45;Sun-Tue-Thu;13;1;89;50
884;22;45;Mon-Wed;12;2;89;50
885;23;44;Sun-Tue-Thu;11;1;88;45
886;23;44;Mon-Wed;8;2;88;45
887;24;39;Sun-Tue-Thu;8;1;68;40
888;24;39;Mon-Wed;12;2;68;40
889;25;36;Sun-Tue-Thu;10;1;85;35
890;25;36;Mon-Wed;10;2;85;35
891;26;24;Sun-Tue-Thu;8;1;42;35
892;26;24;Mon-Wed;10;2;42;35
893;27;19;Sun-Tue-Thu;13;1;59;50
894;27;19;Mon-Wed;8;2;59;50
895;28;16;Sun-Tue-Thu;8;1;48;45
896;28;16;Mon-Wed;14;2;48;45
897;29;36;Sun-Tue-Thu;8;1;66;30
898;29;36;Mon-Wed;10;2;66;30
899;30;18;Sun-Tue-Thu;9;1;50;60
900;30;18;Mon-Wed;14;2;50;60
901;1;37;Sun-Tue-Thu;8;1;79;35
902;1;37;Mon-Wed;8;2;79;35
903;2;6;Sun-Tue-Thu;9;1;30;50
904;2;6;Mon-Wed;10;2;30;50
905;3;3;Sun-Tue-Thu;14;1;25;55
906;3;3;Mon-Wed;14;2;25;55
907;4;44;Sun-Tue-Thu;13;1;61;40
908;4;44;Mon-Wed;8;2;61;40
909;5;43;Sun-Tue-Thu;11;1;66;35
910;5;43;Mon-Wed;14;2;66;35
911;6;43;Sun-Tue-Thu;13;1;65;55
912;6;43;Mon-Wed;14;2;65;55
913;7;29;Sun-Tue-Thu;13;1;43;45
914;7;29;Mon-Wed;12;2;43;45
915;8;43;Sun-Tue-Thu;13;1;71;45
916;8;43;Mon-Wed;8;2;71;45
917;9;29;Sun-Tue-Thu;14;1;54;55
918;9;29;Mon-Wed;8;2;54;55
919;10;14;Sun-Tue-Thu;14;1;3;45
920;10;14;Mon-Wed;12;2;3;45
921;11;27;Sun-Tue-Thu;14;1;54;35
922;11;27;Mon-Wed;12;2;54;35
923;12;41;Sun-Tue-Thu;8;1;75;40
924;12;41;Mon-Wed;12;2;75;40
925;13;25;Sun-Tue-Thu;11;1;55;35
926;13;25;Mon-Wed;10;2;55;35
927;14;40;Sun-Tue-Thu;11;1;68;35
928;14;40;Mon-Wed;8;2;68;35
929;15;12;Sun-Tue-Thu;14;1;30;55
930;15;12;Mon-Wed;12;2;30;55
931;16;11;Sun-Tue-Thu;13;1;11;50
932;16;11;Mon-Wed;10;2;11;50
933;17;26;Sun-Tue-Thu;13;1;32;50
934;17;26;Mon-Wed;8;2;32;50
935;18;43;Sun-Tue-Thu;14;1;80;40
936;18;43;Mon-Wed;12;2;80;40
937;19;30;Sun-Tue-Thu;14;1;46;55
938;19;30;Mon-Wed;10;2;46;55
939;20;45;Sun-Tue-Thu;9;1;65;50
940;20;45;Mon-Wed;12;2;65;50
941;21;43;Sun-Tue-Thu;9;1;66;45
942;21;43;Mon-Wed;8;2;66;45
943;22;45;Sun-Tue-Thu;13;1;89;50
944;22;45;Mon-Wed;12;2;89;50
945;23;44;Sun-Tue-Thu;11;1;88;45
946;23;44;Mon-Wed;8;2;88;45
947;24;39;Sun-Tue-Thu;8;1;68;40
948;24;39;Mon-Wed;12;2;68;40
949;25;36;Sun-Tue-Thu;10;1;85;35
950;25;36;Mon-Wed;10;2;85;35
951;26;24;Sun-Tue-Thu;8;1;42;35
952;26;24;Mon-Wed;10;2;42;35
953;27;19;Sun-Tue-Thu;13;1;59;50
954;27;19;Mon-Wed;8;2;59;50
955;28;16;Sun-Tue-Thu;8;1;48;45
956;28;16;Mon-Wed;14;2;48;45
957;29;36;Sun-Tue-Thu;8;1;66;30
958;29;36;Mon-Wed;10;2;66;30
959;30;18;Sun-Tue-Thu;9;1;50;60
960;30;18;Mon-Wed;14;2;50;60
961;1;37;Sun-Tue-Thu;8;1;79;35
962;1;37;Mon-Wed;8;2;79;35
963;2;6;Sun-Tue-Thu;9;1;30;50
964;2;6;Mon-Wed;10;2;30;50
965;3;3;Sun-Tue-Thu;14;1;25;55
966;3;3;Mon-Wed;14;2;25;55
967;4;44;Sun-Tue-Thu;13;1;61;40
968;4;44;Mon-Wed;8;2;61;40
969;5;43;Sun-Tue-Thu;11;1;66;35
970;5;43;Mon-Wed;14;2;66;35
971;6;43;Sun-Tue-Thu;13;1;65;55
972;6;43;Mon-Wed;14;2;65;55
973;7;29;Sun-Tue-Thu;13;1;43;45
974;7;29;Mon-Wed;12;2;43;45
975;8;43;Sun-Tue-Thu;13;1;71;45
976;8;43;Mon-Wed;8;2;71;45
977;9;29;Sun-Tue-Thu;14;1;54;55
978;9;29;Mon-Wed;8;2;54;55
979;10;14;Sun-Tue-Thu;14;1;3;45
980;10;14;Mon-Wed;12;2;3;45
981;11;27;Sun-Tue-Thu;14;1;54;35
982;11;27;Mon-Wed;12;2;54;35
983;12;41;Sun-Tue-Thu;8;1;75;40
984;12;41;Mon-Wed;12;2;75;40
985;13;25;Sun-Tue-Thu;11;1;55;35
986;13;25;Mon-Wed;10;2;55;35
987;14;40;Sun-Tue-Thu;11;1;68;35
988;14;40;Mon-Wed;8;2;68;35
989;15;12;Sun-Tue-Thu;14;1;30;55
990;15;12;Mon-Wed;12;2;30;55
991;16;11;Sun-Tue-Thu;13;1;11;50
992;16;11;Mon-Wed;10;2;11;50
993;17;26;Sun-Tue-Thu;13;1;32;50
994;17;26;Mon-Wed;8;2;32;50
995;18;43;Sun-Tue-Thu;14;1;80;40
996;18;43;Mon-Wed;12;2;80;40
997;19;30;Sun-Tue-Thu;14;1;46;55
998;19;30;Mon-Wed;10;2;46;55
999;20;45;Sun-Tue-Thu;9;1;65;50
1000;20;45;Mon-Wed;12;2;65;50
